nprocesses,time
1,1.27314
2,0.651979
4,0.344658
8,0.194435
16,0.117019
32,0.4372