num_threads,sequential_time_ms,threaded_time_ms
1,1.06532,1.31274
2,1.06347,1.10373
3,1.07053,0.986718
4,1.06814,0.791954
