nthreads,time
1,7.46633
2,4.2511
4,1.91285
8,1.0251
16,0.433037